{
  "sections": {
    "hero": {
      "type": "hero",
      "settings": {
        "heading": "Unlock Your <span>Peak Performance</span>",
        "subheading": "Science-Backed Supplements",
        "description": "Premium, third-party tested supplements designed for serious athletes and fitness enthusiasts. Maximize your gains with pharmaceutical-grade formulas.",
        "button_text": "Shop Now",
        "button_link": "/collections/all",
        "secondary_button_text": "Learn More",
        "secondary_button_link": "/pages/about-us"
      }
    },
    "category-bar": {
      "type": "category-bar",
      "blocks": {
        "cat-1": {
          "type": "category",
          "settings": {
            "icon": "🏋️",
            "title": "All Products",
            "link": "/collections/all"
          }
        },
        "cat-2": {
          "type": "category",
          "settings": {
            "icon": "💪",
            "title": "Muscle Building",
            "link": "/collections/all"
          }
        },
        "cat-3": {
          "type": "category",
          "settings": {
            "icon": "⚡",
            "title": "Performance",
            "link": "/collections/all"
          }
        },
        "cat-4": {
          "type": "category",
          "settings": {
            "icon": "🔄",
            "title": "Cycle Support",
            "link": "/collections/all"
          }
        },
        "cat-5": {
          "type": "category",
          "settings": {
            "icon": "🧠",
            "title": "Cognitive",
            "link": "/collections/all"
          }
        },
        "cat-6": {
          "type": "category",
          "settings": {
            "icon": "🌿",
            "title": "RAW Supplements",
            "link": "/collections/all"
          }
        }
      },
      "block_order": ["cat-1", "cat-2", "cat-3", "cat-4", "cat-5", "cat-6"],
      "settings": {}
    },
    "trust-badges": {
      "type": "trust-badges",
      "settings": {}
    },
    "raw-products": {
      "type": "raw-products",
      "settings": {
        "title": "RAW Supplements",
        "subtitle": "Pure Plant-Based Power",
        "description": "100% plant-based, sourced from nature's most powerful roots and herbs. Pure, potent, and high-concentration formulas with no fillers or artificial additives."
      }
    },
    "cycle-support": {
      "type": "cycle-support",
      "settings": {
        "title": "On Cycle Support & Post Cycle Therapy",
        "subtitle": "Cycle Support",
        "description": "Protect your gains and support your body through every phase. Our OCS and PCT formulas are specifically designed to maintain optimal health during and after your supplement cycles."
      }
    },
    "lifestyle-banner": {
      "type": "lifestyle-banner",
      "settings": {}
    },
    "bundle-deals": {
      "type": "bundle-deals",
      "blocks": {
        "bundle-1": {
          "type": "bundle",
          "settings": {
            "icon": "💊",
            "badge": "",
            "title": "Buy 2, Save 10%",
            "description": "Purchase any 2 products and save 10% automatically at checkout.",
            "savings": "10%",
            "button_text": "Shop Now",
            "link": "/collections/all"
          }
        },
        "bundle-2": {
          "type": "bundle",
          "settings": {
            "icon": "🏆",
            "badge": "Most Popular",
            "title": "Buy 3, Save 15%",
            "description": "Stack 3 supplements together and unlock 15% savings on your order.",
            "savings": "15%",
            "button_text": "Shop Now",
            "link": "/collections/all"
          }
        },
        "bundle-3": {
          "type": "bundle",
          "settings": {
            "icon": "⚡",
            "badge": "Best Value",
            "title": "Buy 4+, Save 20%",
            "description": "Go all in with 4 or more products and get our maximum 20% discount.",
            "savings": "20%",
            "button_text": "Shop Now",
            "link": "/collections/all"
          }
        }
      },
      "block_order": ["bundle-1", "bundle-2", "bundle-3"],
      "settings": {
        "title": "Bundle & Save",
        "subtitle": "Multi-Buy Discounts",
        "description": "Stack your supplements and save more. The more you buy, the more you save!"
      }
    },
    "features": {
      "type": "features",
      "settings": {
        "title": "Why Choose Max Labs",
        "subtitle": "The Max Labs Difference",
        "description": "We're committed to providing the highest quality supplements backed by science and transparency."
      }
    },
    "testimonials": {
      "type": "testimonials",
      "settings": {
        "title": "Customer Reviews",
        "subtitle": "What Our Customers Say",
        "description": "Join thousands of satisfied customers who have transformed their performance with Max Labs."
      }
    },
    "cta": {
      "type": "cta",
      "settings": {
        "title": "Ready to Maximize Your Potential?",
        "description": "Join the Max Labs community and get 15% off your first order!",
        "button_text": "Shop Now",
        "button_link": "/collections/all"
      }
    }
  },
  "order": [
    "hero",
    "category-bar",
    "trust-badges",
    "raw-products",
    "cycle-support",
    "lifestyle-banner",
    "bundle-deals",
    "features",
    "testimonials",
    "cta"
  ]
}
