{
  "blog": {
    "title": "Max Labs Blog",
    "handle": "news"
  },
  "articles": [
    {
      "title": "The Ultimate Guide to Turkesterone: Benefits, Dosage & Results",
      "handle": "ultimate-guide-turkesterone",
      "author": "Max Labs Team",
      "published_at": "2024-01-15",
      "tags": ["turkesterone", "muscle building", "supplements", "guide"],
      "excerpt": "Discover everything you need to know about Turkesterone, the natural anabolic compound that's taking the fitness world by storm.",
      "content": "<p>Turkesterone has emerged as one of the most talked-about natural supplements in the fitness industry. But what exactly is it, and does it live up to the hype? In this comprehensive guide, we'll break down everything you need to know about this powerful ecdysteroid.</p><h2>What is Turkesterone?</h2><p>Turkesterone is a naturally occurring ecdysteroid found in the Ajuga turkestanica plant, native to Central Asia. Ecdysteroids are hormones that regulate molting and development in insects, but research has shown they may have significant anabolic effects in humans without affecting natural hormone levels.</p><h2>Key Benefits</h2><ul><li><strong>Muscle Protein Synthesis:</strong> Studies suggest turkesterone may enhance muscle protein synthesis, leading to increased lean muscle mass.</li><li><strong>Recovery:</strong> Users report faster recovery times between workouts.</li><li><strong>No Hormonal Side Effects:</strong> Unlike anabolic steroids, turkesterone doesn't suppress natural testosterone production.</li><li><strong>Strength Gains:</strong> Many users experience notable improvements in strength and power output.</li></ul><h2>Optimal Dosage</h2><p>Based on current research and user experiences, the optimal dosage range for turkesterone is between 500mg to 1000mg per day. Our Max Strength Turkesterone provides 1400mg per serving (2 capsules), allowing you to customize your dosage based on your goals.</p><h2>When to Take It</h2><p>For best results, split your daily dose into two servings - one in the morning with breakfast and one in the evening with dinner. This helps maintain stable levels throughout the day.</p><h2>What to Expect</h2><p>Most users begin noticing effects within 2-4 weeks of consistent use. Full benefits typically manifest after 8-12 weeks. Turkesterone works best when combined with a proper training program and adequate protein intake.</p><h2>Stacking Options</h2><p>Turkesterone can be effectively stacked with:</p><ul><li>Ashwagandha for stress management and testosterone support</li><li>Alpha GPC for cognitive enhancement and power output</li><li>Creatine for additional strength and muscle gains</li></ul><h2>Conclusion</h2><p>Turkesterone represents an exciting option for those looking to enhance their physique naturally. While more research is needed, the existing evidence and user experiences suggest it's a worthwhile addition to any serious athlete's supplement stack.</p>"
    }
  ]
}
