{
  "sections": {
    "hero": {
      "type": "hero",
      "settings": {
        "heading": "Unlock Your <span>Peak Performance</span>",
        "subheading": "Science-Backed Supplements",
        "description": "Premium, third-party tested supplements designed for serious athletes and fitness enthusiasts. Maximize your gains with pharmaceutical-grade formulas.",
        "button_text": "Shop Now",
        "button_link": "/collections/all",
        "secondary_button_text": "Learn More",
        "secondary_button_link": "/pages/about-us"
      }
    },
    "trust-badges": {
      "type": "trust-badges",
      "settings": {}
    },
    "raw-products": {
      "type": "raw-products",
      "settings": {
        "title": "RAW Supplements",
        "subtitle": "Pure Plant-Based Power",
        "description": "100% plant-based, sourced from nature's most powerful roots and herbs. Pure, potent, and high-concentration formulas with no fillers or artificial additives."
      }
    },
    "cycle-support": {
      "type": "cycle-support",
      "settings": {
        "title": "On Cycle Support & Post Cycle Therapy",
        "subtitle": "Cycle Support",
        "description": "Protect your gains and support your body through every phase. Our OCS and PCT formulas are specifically designed to maintain optimal health during and after your supplement cycles."
      }
    },
    "lifestyle-banner": {
      "type": "lifestyle-banner",
      "settings": {}
    },
    "features": {
      "type": "features",
      "settings": {
        "title": "Why Choose Max Labs",
        "subtitle": "The Max Labs Difference",
        "description": "We're committed to providing the highest quality supplements backed by science and transparency."
      }
    },
    "testimonials": {
      "type": "testimonials",
      "settings": {
        "title": "Customer Reviews",
        "subtitle": "What Our Customers Say",
        "description": "Join thousands of satisfied customers who have transformed their performance with Max Labs."
      }
    },
    "cta": {
      "type": "cta",
      "settings": {
        "title": "Ready to Maximize Your Potential?",
        "description": "Join the Max Labs community and get 15% off your first order. Plus, FREE UK Next Day Delivery on all orders!",
        "button_text": "Shop Now",
        "button_link": "/collections/all"
      }
    }
  },
  "order": [
    "hero",
    "trust-badges",
    "raw-products",
    "cycle-support",
    "lifestyle-banner",
    "features",
    "testimonials",
    "cta"
  ]
}
